{"cameraMode":{"drawMode":0,"name":"Shaded","section":"Shading Mode"},"sceneLighting":false,"audioPlay":false,"sceneViewState":{"m_AlwaysRefresh":false,"showFog":true,"showSkybox":false,"showFlares":true,"showImageEffects":true,"showParticleSystems":true,"showVisualEffectGraphs":true,"m_FxEnabled":true},"in2DMode":false,"pivot":{"x":1.2699999809265137,"y":3.0000007152557375,"z":1.9500000476837159},"rotation":{"x":0.03898945078253746,"y":-0.005995428189635277,"z":0.0002339081111131236,"w":0.999222993850708},"size":1.2804328203201295,"orthographic":false}